序号,类型,命令词,拼音,对应动作,效果说明
1,唤醒词,王道长,wang dao zhang,唤醒,唤醒后进入命令词识别窗口（约20秒，可配置）
2,命令词,喂它吃饭,wei ta chi fan,喂食-主食,饱食度+45，3小时后产生便便
3,命令词,给它零食,gei ta ling shi,喂食-零食,开心度+8、饱食度+18，不产生便便
4,命令词,打扫卫生,da sao wei sheng,清洁,清洁度满格，清除全部便便
5,命令词,陪它玩耍,pei ta wan shua,玩耍,开心度+32、精力-12（精力不足时拒绝）
6,命令词,喂它吃药,wei ta chi yao,喂药,生病时恢复健康（未生病时拒绝）
7,命令词,开灯,kai deng,开灯-唤醒,叫醒宠物，精力恢复
8,命令词,关灯,guan deng,关灯-睡觉,宠物入睡（不困时拒绝）
9,命令词,它还好吗,ta hai hao ma,查状态,播报四维数值与心情
10,命令词,打开宠物,da kai chong wu,页面切换,进入宠物页面
11,命令词,回到主页,hui dao zhu ye,页面切换,回到设备主页
12,命令词,你好呀,ni hao ya,打招呼,挥手回应，开心度+5
13,命令词,我爱你,wo ai ni,表达爱,爱心动画回应，开心度+8
14,命令词,摸摸它,mo mo ta,抚摸,眯眼开心回应，开心度+6、精力+3
